Model Order,   Model                                        ,      R^2 achieved;
          4,   -0.23528865 -0.57905407 0.08283022 0.09418883,      0.14;
          4,    0.08339955 -0.82872175  0.08181522  0.16146752, 0.1920524783338699;
          4,    -1.50323926  0.57722442 -0.04175521  0.11251785, 0.015769116216023216;